id,parent_id,author,date,score,text,url,media_urls
t1_pdf9mg4,,User_man_person,2026-10-02T14:54:09.907000+0000,2346,"Yea okay so bmi isn't great at telling how fat you are, you probably gained a LOT of muscle mass",https://www.reddit.com/r/mildlyinteresting/comments/1wvvupa/comment/pdf9mg4/,
t1_pdf9uns,t1_pdf9mg4,Omnivek,2026-10-02T14:55:08.609000+0000,525,"I agree, I posted this to point out how useless BMI is",https://www.reddit.com/r/mildlyinteresting/comments/1wvvupa/comment/pdf9uns/,
t1_pdfez87,,iweartoomuchblush,2026-10-02T15:17:16.551000+0000,45,Show us how many pounds in muscle you've gained!,https://www.reddit.com/r/mildlyinteresting/comments/1wvvupa/comment/pdfez87/,
t1_pdfhvit,t1_pdfez87,Omnivek,2026-10-02T15:29:42.345000+0000,38,I added 13 lb muscle and lost 28 lb fat. I also added a bunch of water weight (I think because muscle is mostly water).,https://www.reddit.com/r/mildlyinteresting/comments/1wvvupa/comment/pdfhvit/,
t1_pdfkfwo,t1_pdfhvit,Funkycoldmedici,2026-10-02T15:40:40.816000+0000,5,"Daaamn, that’s some nice gains! Great job! What are your goals?",https://www.reddit.com/r/mildlyinteresting/comments/1wvvupa/comment/pdfkfwo/,
t1_pdflet9,t1_pdfkfwo,Omnivek,2026-10-02T15:44:48.501000+0000,3,"15% PFB

10 unassisted pull-ups

That’s it I’m simple lol",https://www.reddit.com/r/mildlyinteresting/comments/1wvvupa/comment/pdflet9/,
t1_pdfinhv,t1_pdfhvit,iweartoomuchblush,2026-10-02T15:33:03.802000+0000,13,"Hell yeah! Those machines also depend on the time of day you scan yourself, and how much water you've drank. More water in your body=more muscle mass",https://www.reddit.com/r/mildlyinteresting/comments/1wvvupa/comment/pdfinhv/,
t1_pdflz4n,t1_pdfhvit,bloodknights,2026-10-02T15:47:11.475000+0000,3,"Nice OP, good progress",https://www.reddit.com/r/mildlyinteresting/comments/1wvvupa/comment/pdflz4n/,
t1_pdfb4p4,,Ok_Basis1422,2026-10-02T15:00:36.892000+0000,131,How is body fat percentage calculated?,https://www.reddit.com/r/mildlyinteresting/comments/1wvvupa/comment/pdfb4p4/,
t1_pdfiwks,,Stratix,2026-10-02T15:34:08.383000+0000,102,"To the people complaining about BMI being a crap indication of health, yes, no shit, that's why the have the body fat percentage below.

What blows my mind is OPs fat didn't drop by 13%, but by 13 percentage points, which is more like a third. Incredible work.",https://www.reddit.com/r/mildlyinteresting/comments/1wvvupa/comment/pdfiwks/,
t1_pdfjffn,,muadib1158,2026-10-02T15:36:21.721000+0000,18,"This is gigantic progress, and you should feel immense pride for changing the trajectory of your body/health.",https://www.reddit.com/r/mildlyinteresting/comments/1wvvupa/comment/pdfjffn/,
t1_pdfm6gz,,iwriteaboutthings,2026-10-02T15:48:03.816000+0000,18,"BMI is really for use on populations, not individuals. Like if you need to measure what's going on in 10,000 people, it will likely show up in BMI. If you need to screen them to figure out who is at risk, you can use BMI. Then you find the folks with 10% highest BMI and do MORE ANALYSIS on them, such as...are they yoked.",https://www.reddit.com/r/mildlyinteresting/comments/1wvvupa/comment/pdfm6gz/,
t1_pdfeh1d,,Snuke2001,2026-10-02T15:15:06.290000+0000,46,Reading the comments like:,https://www.reddit.com/r/mildlyinteresting/comments/1wvvupa/comment/pdfeh1d/,https://external-preview.redd.it/e9G4woycUOYIJu51J-OKv9Wtw06KyB6322SlNuGgWWs.gif?auto=webp&s=1e72e0663247694e5d77cdae520293b45885fd75
t1_pdfghhj,,zzyyxxzyzyx,2026-10-02T15:23:42.473000+0000,29,BMI’s came around when everyone was built like Edgar Allen Poe,https://www.reddit.com/r/mildlyinteresting/comments/1wvvupa/comment/pdfghhj/,
t1_pdfhx0v,,kuru_snacc,2026-10-02T15:29:52.574000+0000,29,This is exactly what you want. Increased muscle msss and decreased body fat. Any physician working with you will understand this doesn't mean you gained unhealthy weight.,https://www.reddit.com/r/mildlyinteresting/comments/1wvvupa/comment/pdfhx0v/,
t1_pdfer3m,,Naud1993,2026-10-02T15:16:18.202000+0000,12,I trade fat and get muscles.,https://www.reddit.com/r/mildlyinteresting/comments/1wvvupa/comment/pdfer3m/,https://external-preview.redd.it/crrUbR958CzxX2TLCIY-401tgpqWfvEg7JJ9Z4KEdiA.gif?auto=webp&s=49b812dad899f7ec45e02c0126eb37a1b1e8273a
